Graph6,Name
E?^o,6‐graph 32
E?^w,6‐graph 33
E@Nw,6‐graph 61
E@lw,6‐graph 72
EHNW,6‐graph 74
EC\w,6‐graph 79
EENg,6‐graph 80
E@~o,6‐graph 82
E@~w,6‐graph 83
EBng,6‐graph 95
ED^w,6‐graph 96
EBYW,6‐graph 99
EBYw,6‐graph 100
EINw,6‐graph 101
ED\w,6‐graph 102
EI]w,6‐graph 104
EB^w,6‐graph 105
EJYW,6‐graph 106
EImw,6‐graph 108
EbYw,6‐graph 109
EInw,6‐graph 110
EB~w,6‐graph 111
EB~o,6‐graph 112
EFzg,6‐graph 114
E`Nw,6‐graph 123
E`lw,6‐graph 124
EJqw,6‐graph 128
EK^w,6‐graph 129
E`~o,6‐graph 130
ER\w,6‐graph 133
ET\w,6‐graph 135
ER^W,6‐graph 136
ER^w,6‐graph 137
EJ~w,6‐graph 138
EJuw,6‐graph 144
EN~w,6‐graph 148
Et\w,6‐graph 149
EJ~o,6‐graph 150
F??Jw,7‐graph 18
F?OHg,7‐graph 26
F?@Hw,7‐graph 27
F?@Xo,7‐graph 40
F?@Xw,7‐graph 41
F??zo,7‐graph 46
F??zw,7‐graph 47
F??~o,7‐graph 48
F??~w,7‐graph 49
F?Azo,7‐graph 50
F?Azw,7‐graph 51
F?@~o,7‐graph 54
F?@~w,7‐graph 55
F?D@w,7‐graph 69
F@?Jw,7‐graph 70
F?CZG,7‐graph 80
F?OXg,7‐graph 86
F@@Hw,7‐graph 88
FG?Xw,7‐graph 94
FG?Zw,7‐graph 96
F_?zo,7‐graph 109
F_?zw,7‐graph 110
F_?~o,7‐graph 111
F_?~w,7‐graph 112
F?CZW,7‐graph 116
F?CZw,7‐graph 117
F?C^w,7‐graph 120
F?OXw,7‐graph 132
F@?iw,7‐graph 133
F?GZw,7‐graph 134
F?DXw,7‐graph 139
F?EZw,7‐graph 141
F@CZW,7‐graph 143
F?Czw,7‐graph 144
F@C^W,7‐graph 147
F?C~w,7‐graph 148
F?DrO,7‐graph 151
F?DrW,7‐graph 152
F?Dhw,7‐graph 156
F?Oxw,7‐graph 160
F?WZg,7‐graph 161
F?Ozw,7‐graph 162
F?MJg,7‐graph 163
F?_zw,7‐graph 164
F?W^g,7‐graph 165
F?O~w,7‐graph 166
F?Ezo,7‐graph 167
F?Ezw,7‐graph 168
F?Dzo,7‐graph 169
F?Dzw,7‐graph 170
F?D~o,7‐graph 171
F?D~w,7‐graph 172
F?FvO,7‐graph 173
F?FvW,7‐graph 174
F?Fjo,7‐graph 175
F?Fjw,7‐graph 176
F?`zo,7‐graph 177
F?`zw,7‐graph 178
F?`~o,7‐graph 179
F?F~o,7‐graph 181
F?F~w,7‐graph 182
F?LuW,7‐graph 198
F?K}W,7‐graph 199
F?YZw,7‐graph 201
F?o~g,7‐graph 203
F?Kig,7‐graph 207
F?Lag,7‐graph 210
FAChw,7‐graph 219
FAHHw,7‐graph 223
F?MZg,7‐graph 232
F?Sxw,7‐graph 233
F?czw,7‐graph 235
F?LZg,7‐graph 236
F?Szw,7‐graph 237
FAC~W,7‐graph 239
FCDjW,7‐graph 247
FBEJW,7‐graph 248
FCDjw,7‐graph 249
FCYJg,7‐graph 254
F__zw,7‐graph 255
FECnW,7‐graph 256
F?dzw,7‐graph 259
F?N^_,7‐graph 261
F?N^g,7‐graph 262
F?s~g,7‐graph 263
F?d~w,7‐graph 264
F?KqW,7‐graph 268
F?Kqw,7‐graph 269
F@GZw,7‐graph 270
F?KuW,7‐graph 271
F?Kuw,7‐graph 272
F@G^w,7‐graph 273
F?K}w,7‐graph 274
F@Gyw,7‐graph 276
F?Kzw,7‐graph 277
F@KuW,7‐graph 278
F@G}w,7‐graph 279
F?K~w,7‐graph 280
FADlw,7‐graph 282
F@KqW,7‐graph 283
FCOxo,7‐graph 284
F@IYw,7‐graph 285
FOKqw,7‐graph 286
F@IZw,7‐graph 287
F@TPW,7‐graph 288
F@HYw,7‐graph 289
FGKqw,7‐graph 290
F@HZw,7‐graph 291
F@TTW,7‐graph 292
FAO|w,7‐graph 293
FGKuw,7‐graph 294
F?Mzw,7‐graph 296
F?Lzw,7‐graph 297
F@H}o,7‐graph 298
F@H}w,7‐graph 299
F?[~g,7‐graph 300
F?L~w,7‐graph 301
F@J]o,7‐graph 302
F@J]w,7‐graph 303
F@J^o,7‐graph 304
F@J^w,7‐graph 305
F?N~o,7‐graph 306
F?N~w,7‐graph 307
F?Nmo,7‐graph 308
F?\\g,7‐graph 309
F?urw,7‐graph 311
F?Mzo,7‐graph 312
F?]rg,7‐graph 313
F?lrg,7‐graph 314
F?lrw,7‐graph 315
FQKuW,7‐graph 316
FPH]w,7‐graph 317
F?lvw,7‐graph 318
F?uzw,7‐graph 319
F?^tw,7‐graph 320
F?l~w,7‐graph 321
F?\sw,7‐graph 322
F?Lzo,7‐graph 323
F?\tw,7‐graph 324
F?\rg,7‐graph 326
FBXcw,7‐graph 328
FIO|w,7‐graph 329
F?\vw,7‐graph 330
F?lzw,7‐graph 331
F?^rw,7‐graph 333
F?\~w,7‐graph 334
F?l~_,7‐graph 335
F?\~_,7‐graph 336
F?^v_,7‐graph 337
F?^vg,7‐graph 338
F?|vg,7‐graph 339
F?^vw,7‐graph 340
F?^~w,7‐graph 341
F?^~o,7‐graph 342
F?~vg,7‐graph 344
FAGgw,7‐graph 361
F@PHw,7‐graph 363
FGCZw,7‐graph 364
FOCZw,7‐graph 367
FGC^w,7‐graph 369
FGEXw,7‐graph 395
FGEZw,7‐graph 397
FQCZW,7‐graph 400
F_Czw,7‐graph 401
FKC^W,7‐graph 402
FGDXw,7‐graph 404
FGD\w,7‐graph 406
F@Law,7‐graph 410
F@Ozw,7‐graph 411
F@Maw,7‐graph 415
F@_zw,7‐graph 416
F@Lew,7‐graph 417
FGDzo,7‐graph 419
FGD~o,7‐graph 421
FGD~w,7‐graph 422
FCOxw,7‐graph 433
F@URW,7‐graph 434
FA_zw,7‐graph 435
F@dVW,7‐graph 436
FGF\o,7‐graph 438
FGF\w,7‐graph 439
F@Qzo,7‐graph 440
F@Qzw,7‐graph 441
FAJ\o,7‐graph 442
F@`zo,7‐graph 444
F@`zw,7‐graph 445
F@`~o,7‐graph 446
F@`~w,7‐graph 447
FGF~o,7‐graph 448
FGF~w,7‐graph 449
FCX_w,7‐graph 454
FOTPw,7‐graph 455
F`GZw,7‐graph 456
F@r@w,7‐graph 457
FGeRw,7‐graph 458
F`G^w,7‐graph 459
F@NMW,7‐graph 461
FOTXw,7‐graph 462
FGeZw,7‐graph 464
F`Gyw,7‐graph 465
F_Kzw,7‐graph 466
F`KuW,7‐graph 467
F`G}w,7‐graph 468
F_K~w,7‐graph 469
F@K}W,7‐graph 470
F@ozg,7‐graph 471
F@LuW,7‐graph 472
F@NJw,7‐graph 473
FCYZg,7‐graph 474
FFGmW,7‐graph 477
FWC}w,7‐graph 478
F@New,7‐graph 479
F@NNw,7‐graph 480
FGS{w,7‐graph 482
FGd\g,7‐graph 483
FOUZw,7‐graph 485
FCKzW,7‐graph 491
F@Yqw,7‐graph 493
FAgzw,7‐graph 494
FOSzg,7‐graph 495
FOLZw,7‐graph 496
FPO}w,7‐graph 498
FDHmw,7‐graph 499
FCLnw,7‐graph 500
FWEYw,7‐graph 503
F@qrw,7‐graph 505
F`Oxw,7‐graph 507
F`Ozw,7‐graph 509
F`Maw,7‐graph 513
F`_zw,7‐graph 514
FJQLw,7‐graph 515
F`O~w,7‐graph 516
F@qzw,7‐graph 517
FGdzw,7‐graph 518
FGd~_,7‐graph 519
FGd~g,7‐graph 520
FG]^g,7‐graph 521
FGd~w,7‐graph 522
F`KqW,7‐graph 523
FII[o,7‐graph 524
FK`Xw,7‐graph 525
FoKqw,7‐graph 526
F`IZw,7‐graph 527
FPQZw,7‐graph 532
F?lr_,7‐graph 533
FQOxw,7‐graph 534
FBZ@w,7‐graph 535
FI_zw,7‐graph 536
FDhaw,7‐graph 537
FSOzw,7‐graph 538
FBZDw,7‐graph 539
FI_~w,7‐graph 540
F_Mzw,7‐graph 541
FOUzw,7‐graph 542
F_Lzw,7‐graph 543
FI`|o,7‐graph 544
FI`|w,7‐graph 545
F_[~g,7‐graph 546
F_L~w,7‐graph 547
FK`zo,7‐graph 548
FK`zw,7‐graph 549
FK`~o,7‐graph 550
FK`~w,7‐graph 551
F_N~o,7‐graph 552
F_N~w,7‐graph 553
F@N@w,7‐graph 558
F@NBw,7‐graph 563
FoCZw,7‐graph 567
F@NFw,7‐graph 568
F@K}w,7‐graph 571
F@K~w,7‐graph 572
F@Mzw,7‐graph 573
F@Lzw,7‐graph 574
FHK}w,7‐graph 575
F@L~w,7‐graph 576
F@NZw,7‐graph 577
F@Nmw,7‐graph 578
F@N]w,7‐graph 579
FEK~W,7‐graph 580
F@N^w,7‐graph 581
F@N~o,7‐graph 582
F@N~w,7‐graph 583
F?Sz_,7‐graph 585
F@XPw,7‐graph 586
FALcw,7‐graph 590
F@XTw,7‐graph 591
FIG^w,7‐graph 592
FII[w,7‐graph 616
FBO|W,7‐graph 618
F`XPw,7‐graph 619
FIIZw,7‐graph 620
FXEIw,7‐graph 622
FPFJw,7‐graph 623
FHeaw,7‐graph 624
FP`Zw,7‐graph 625
F`XTw,7‐graph 626
FII^w,7‐graph 627
FAMZw,7‐graph 628
FAM^G,7‐graph 629
F@d^W,7‐graph 630
F@hYw,7‐graph 632
FAKzW,7‐graph 633
F@W}g,7‐graph 634
FGK}w,7‐graph 635
FASxw,7‐graph 636
FCSxw,7‐graph 637
FAS|w,7‐graph 638
FAKxw,7‐graph 639
FAKzw,7‐graph 640
FCKzw,7‐graph 641
F@W}w,7‐graph 642
FAK~w,7‐graph 643
FILcw,7‐graph 645
F@Liw,7‐graph 646
F@XZw,7‐graph 648
F@X[w,7‐graph 649
F@X\w,7‐graph 650
FALlw,7‐graph 651
FHP\w,7‐graph 652
F@X^w,7‐graph 653
FAL~w,7‐graph 656
FChZg,7‐graph 658
F@Miw,7‐graph 659
F@drW,7‐graph 660
F@Ujg,7‐graph 661
F@hZw,7‐graph 662
FAMuW,7‐graph 663
FCozw,7‐graph 664
FPDmw,7‐graph 665
F@h^w,7‐graph 666
FAM~W,7‐graph 667
FAMzw,7‐graph 669
FCLzw,7‐graph 670
F@Vlw,7‐graph 671
FBc~W,7‐graph 672
FCL~w,7‐graph 673
FANvO,7‐graph 674
FANvW,7‐graph 675
FGL}w,7‐graph 676
FGU|w,7‐graph 677
FAw~g,7‐graph 678
FGU~w,7‐graph 679
FAN~o,7‐graph 680
FAN~w,7‐graph 681
F@luW,7‐graph 682
F@Mzo,7‐graph 683
FKSxw,7‐graph 684
FAkzg,7‐graph 685
FPLZw,7‐graph 686
F@luw,7‐graph 687
FKK}w,7‐graph 688
F@lvw,7‐graph 689
F@l~w,7‐graph 690
FG\sw,7‐graph 691
F@Lzo,7‐graph 692
F@\tw,7‐graph 693
FISxw,7‐graph 695
F@\rw,7‐graph 696
FA\tw,7‐graph 697
FIS|w,7‐graph 698
F@\vw,7‐graph 699
F@lzw,7‐graph 700
F@\zw,7‐graph 701
F@^rw,7‐graph 702
F@\~w,7‐graph 703
F@lmg,7‐graph 704
FG\\g,7‐graph 705
FAizo,7‐graph 706
F@^eg,7‐graph 707
FGttg,7‐graph 708
FG^Tw,7‐graph 709
FEKzW,7‐graph 710
FAN\o,7‐graph 711
FBMmW,7‐graph 712
FEMjW,7‐graph 713
FDNJw,7‐graph 714
FHX[w,7‐graph 715
FDXiw,7‐graph 716
FBUjw,7‐graph 717
FBiiw,7‐graph 718
FBhkw,7‐graph 719
FDdjw,7‐graph 720
FIY\w,7‐graph 721
FaLlw,7‐graph 722
FBUnw,7‐graph 723
F@]~g,7‐graph 724
FHN]w,7‐graph 725
FXL]w,7‐graph 726
FHN^w,7‐graph 727
F@^~w,7‐graph 728
F_Mzo,7‐graph 729
F@Nmo,7‐graph 730
FAM~O,7‐graph 731
F@zRw,7‐graph 732
FIMuO,7‐graph 733
FCxrg,7‐graph 734
FC^bw,7‐graph 735
Fk_zw,7‐graph 737
F@zVw,7‐graph 738
F@^mw,7‐graph 739
F@z^w,7‐graph 740
F@uzw,7‐graph 741
F@tzw,7‐graph 742
FAl~g,7‐graph 743
F@^^g,7‐graph 744
F@t~w,7‐graph 745
FAY|o,7‐graph 746
FCXzo,7‐graph 747
FIo|g,7‐graph 748
F_\tw,7‐graph 749
F@N]o,7‐graph 750
FCLzo,7‐graph 751
FDhZw,7‐graph 752
FBXkw,7‐graph 753
FBYZw,7‐graph 754
FBZcw,7‐graph 755
FINLw,7‐graph 756
FBY^w,7‐graph 757
FC\~W,7‐graph 758
FAmzw,7‐graph 759
FC\zw,7‐graph 760
FBd~W,7‐graph 761
FC\~w,7‐graph 762
F@z^_,7‐graph 763
F_^tw,7‐graph 764
FENnW,7‐graph 765
FFdnW,7‐graph 766
FENnw,7‐graph 767
F@^~o,7‐graph 769
F@v~o,7‐graph 770
F@~vg,7‐graph 771
F@~vw,7‐graph 772
F@~~w,7‐graph 773
FBplg,7‐graph 782
FIMkw,7‐graph 783
FHpsw,7‐graph 784
FINco,7‐graph 786
FEYjw,7‐graph 788
F@^e_,7‐graph 789
FSXZw,7‐graph 791
FBZ\o,7‐graph 794
FEhzw,7‐graph 795
FB^TW,7‐graph 796
FBp|w,7‐graph 797
FINcw,7‐graph 800
FKXXw,7‐graph 801
FIMZw,7‐graph 802
F`X\w,7‐graph 803
FSLZw,7‐graph 804
FBZLw,7‐graph 805
FIM^w,7‐graph 806
FDYzw,7‐graph 807
FPTzw,7‐graph 808
FLLmw,7‐graph 809
FPT~w,7‐graph 810
FKMiw,7‐graph 812
F`Miw,7‐graph 813
FKhZg,7‐graph 814
FQK}W,7‐graph 815
FIdlg,7‐graph 816
FKUjw,7‐graph 817
FId|w,7‐graph 821
FQL}w,7‐graph 822
FQdzw,7‐graph 824
FB^\w,7‐graph 829
F@^^_,7‐graph 832
FIN\o,7‐graph 837
FD^bw,7‐graph 838
FRpkw,7‐graph 839
FRqZw,7‐graph 840
FqMZw,7‐graph 841
FD^fw,7‐graph 842
FD^vW,7‐graph 843
FHv\w,7‐graph 844
FDx~g,7‐graph 845
FBnnw,7‐graph 846
FD^~w,7‐graph 847
FJX\w,7‐graph 850
FIL~w,7‐graph 851
FIN\w,7‐graph 852
FBYzw,7‐graph 853
FBZ\w,7‐graph 854
FDhzw,7‐graph 855
FP\uw,7‐graph 856
FBY~w,7‐graph 857
FIN~o,7‐graph 858
FIN~w,7‐graph 859
FDlzw,7‐graph 860
FBnjw,7‐graph 861
FD\~W,7‐graph 862
FD\~w,7‐graph 863
FD\zw,7‐graph 864
FI\|w,7‐graph 866
FB\~w,7‐graph 867
FB^vW,7‐graph 868
FImzw,7‐graph 869
FIl~g,7‐graph 870
FI]~w,7‐graph 871
FB^~w,7‐graph 872
FB]^G,7‐graph 873
F@\~_,7‐graph 874
FYS{w,7‐graph 875
FB^dw,7‐graph 876
F`Lzo,7‐graph 877
FDXzo,7‐graph 878
FJYZw,7‐graph 879
FJY[w,7‐graph 880
FQ\sw,7‐graph 881
F`\tw,7‐graph 882
FQ\tw,7‐graph 883
FJY^w,7‐graph 884
FBmrW,7‐graph 885
FHN]o,7‐graph 886
FS\rw,7‐graph 887
FBfnO,7‐graph 888
FPvRw,7‐graph 889
FLh^w,7‐graph 890
FS\zw,7‐graph 891
FLh}w,7‐graph 892
FIm~w,7‐graph 893
FJmuW,7‐graph 894
Fdhzw,7‐graph 895
FjY\w,7‐graph 896
FbY~w,7‐graph 897
FIn~w,7‐graph 898
FD^~o,7‐graph 899
FB^~o,7‐graph 900
FBz~o,7‐graph 901
FF^nW,7‐graph 902
FB~vw,7‐graph 903
FB~~w,7‐graph 904
Fdhzo,7‐graph 905
F@~v_,7‐graph 906
FFzbw,7‐graph 907
FFznw,7‐graph 912
F`N@w,7‐graph 918
FJaJw,7‐graph 920
FaKxw,7‐graph 923
F`K}w,7‐graph 925
F`K~w,7‐graph 926
F`K}W,7‐graph 929
FKdrW,7‐graph 931
FJ`kw,7‐graph 932
FKYZw,7‐graph 933
FwEZw,7‐graph 934
F`o~w,7‐graph 935
FIM[w,7‐graph 936
FcKzW,7‐graph 937
FcKzw,7‐graph 938
FKX\w,7‐graph 939
FQSxw,7‐graph 940
FQSzw,7‐graph 941
FKczw,7‐graph 942
FEXlw,7‐graph 943
FQS~w,7‐graph 944
F`Mzw,7‐graph 945
F`Lzw,7‐graph 946
FhK}w,7‐graph 947
F`L~w,7‐graph 948
F`Nmw,7‐graph 949
FQT|w,7‐graph 950
FKdzw,7‐graph 951
FJe^W,7‐graph 952
FKd~w,7‐graph 953
F`N~o,7‐graph 954
F`N~w,7‐graph 955
F`Nmo,7‐graph 956
F`Mzo,7‐graph 957
FRS}W,7‐graph 958
FqSxw,7‐graph 961
FpLZw,7‐graph 962
FRrHw,7‐graph 963
FYeZw,7‐graph 964
F`lvw,7‐graph 965
F`]~g,7‐graph 967
F`l~w,7‐graph 968
FDlrW,7‐graph 970
FI]\g,7‐graph 971
FRT\W,7‐graph 972
FTXZw,7‐graph 973
F`lzw,7‐graph 979
FQlzw,7‐graph 980
FK\zw,7‐graph 981
FJp|w,7‐graph 982
FK\~w,7‐graph 983
FJ^cw,7‐graph 985
FJq|w,7‐graph 986
FjNLw,7‐graph 987
FJq~w,7‐graph 988
FK^~w,7‐graph 989
FK^~o,7‐graph 990
F`~vg,7‐graph 991
F`~vw,7‐graph 992
FR\zw,7‐graph 995
FT\zw,7‐graph 997
FR\}w,7‐graph 998
FR\~w,7‐graph 999
FJ^~w,7‐graph 1000
FT\~w,7‐graph 1001
FMmzw,7‐graph 1002
Fdlzw,7‐graph 1003
F[\}w,7‐graph 1004
FR^^w,7‐graph 1005
FR^~w,7‐graph 1006
FJ~~w,7‐graph 1007
FdYzw,7‐graph 1008
FRqzw,7‐graph 1009
FB^vO,7‐graph 1010
FMhzw,7‐graph 1011
FMh~w,7‐graph 1013
FqN~w,7‐graph 1015
F`l~_,7‐graph 1017
FD^vO,7‐graph 1018
FMnbw,7‐graph 1019
Fro~w,7‐graph 1020
FJ^\w,7‐graph 1021
FJu~w,7‐graph 1023
FL^mw,7‐graph 1025
FRz^w,7‐graph 1027
FMn~w,7‐graph 1028
FMn~o,7‐graph 1029
F]uzw,7‐graph 1030
FR~vw,7‐graph 1031
FN~~w,7‐graph 1033
Ft\~w,7‐graph 1034
Ft\zw,7‐graph 1035
FJ^~o,7‐graph 1036
FR^~o,7‐graph 1037
FJ~vw,7‐graph 1038
FNz~w,7‐graph 1039
FN~vW,7‐graph 1040
G??^fO,8‐graph 579
G?CWpK,8‐graph 649
GGCWsK,8‐graph 1394
GGCWpK,8‐graph 1822
G?GWw{,8‐graph 2535
G?CYxw,8‐graph 2707
G?CXxw,8‐graph 2794
G@GYrG,8‐graph 2989
G@Ko]C,8‐graph 3379
GWCWqK,8‐graph 3561
GIKqSK,8‐graph 3717
G@GZaW,8‐graph 3914
G?CzbO,8‐graph 3921
G@\acK,8‐graph 4253
GEGhW{,8‐graph 4973
GGCXxw,8‐graph 5007
G@KxuK,8‐graph 5044
G@LYrK,8‐graph 5185
GGTPxw,8‐graph 5516
G?Dzro,8‐graph 5519
GB\bG{,8‐graph 5527
G@Hzuo,8‐graph 5540
G@`zro,8‐graph 5543
GG_Ww{,8‐graph 5817
GGGWw{,8‐graph 5819
G?KzAc,8‐graph 5870
G_CXxw,8‐graph 6503
GKCWx[,8‐graph 6599
GGCYxw,8‐graph 6777
GALXrK,8‐graph 6874
G@Kza[,8‐graph 6875
GIL_sK,8‐graph 7107
G`Ko]C,8‐graph 7420
GgCXxw,8‐graph 7630
G`KxuK,8‐graph 7674
GANTZ{,8‐graph 8057
GWC[yw,8‐graph 8186
G@lrIs,8‐graph 8260
G`Kza[,8‐graph 8261
G?lrjo,8‐graph 8262
G@drZo,8‐graph 8570
G@lra[,8‐graph 8573
GBX~Cs,8‐graph 8699
G?\~f_,8‐graph 8726
GWOWw{,8‐graph 8786
G@Kzzw,8‐graph 8950
GAKzzw,8‐graph 8952
GISxx{,8‐graph 8953
G?Kzrg,8‐graph 9028
G_Kzrg,8‐graph 9481
GYCWx[,8‐graph 9668
GGTXpk,8‐graph 9758
GGDXzo,8‐graph 9759
G?Szrg,8‐graph 9760
G@Lr]o,8‐graph 9805
G@LzeS,8‐graph 9806
G@XZzw,8‐graph 9880
GBXix{,8‐graph 9881
G@\zz{,8‐graph 10354
G@Lz~o,8‐graph 10358
GB\X~K,8‐graph 10361
GJTX|[,8‐graph 10362
GYTXx{,8‐graph 10363
G@\u^_,8‐graph 10585
GIL~Cs,8‐graph 10935
G@\vUg,8‐graph 10982
GAL~fO,8‐graph 11242
G@\zrk,8‐graph 11481
GB\r[{,8‐graph 11483
GBTzt[,8‐graph 11490
G@lrzw,8‐graph 11491
GILzs{,8‐graph 11492
GJ\r[{,8‐graph 11503
GS\zrk,8‐graph 11504
GD\zz{,8‐graph 11565
GI\z|{,8‐graph 11567
GB\~~w,8‐graph 11585
GTXZzw,8‐graph 11611
GIN~vo,8‐graph 11690
GeGhW{,8‐graph 11719
GwCYxw,8‐graph 11790
G@\~Ec,8‐graph 11853
G`Kzzw,8‐graph 11964
GQSzzw,8‐graph 11968
GK\zz{,8‐graph 12171
G`Lz~o,8‐graph 12181
GD\z^c,8‐graph 12182
GR\zz{,8‐graph 12212
GT\zz{,8‐graph 12214
GR\z}{,8‐graph 12215
G`lrzw,8‐graph 12261
GD\zvK,8‐graph 12263
G@\~vg,8‐graph 12265
GJ]^nW,8‐graph 12276
GB^v^o,8‐graph 12291
GJ\}|{,8‐graph 12297
Gt\zz{,8‐graph 12332
GJ\~~w,8‐graph 12333
GR\~~w,8‐graph 12334
GJ~~vk,8‐graph 12339
EwCW,two triangles
G@K?GK,two triangles and two singletons
FJ?GW,two triangles and singleton
G`K?GK,two triangles and 2‐path
Gr?GOK,two squares
G??F?w,two claws
G~?GW[,two tetrahedra
E@?G,two 2‐paths and 2 singletons
F?C?G,two 2‐paths and three singletons
G??G?C,two 2‐paths and 4 singletons
DGC,two 2‐paths and singleton
E??w,"two 2‐paths and (1,3)‐bipartite graph"
E?oo,two 3‐paths
G??@_W,two 3‐paths and 2 singletons
F?@_o,two 3‐paths and singleton
G?`H?c,two 4‐paths
G@?G?C,three 2‐paths and two singletons
FGC?G,three 2‐paths and singleton
E@hW,A graph
F?DPW,A and singleton
G??F?{,2‐alkane graph
EIMW,antenna graph
F@GYW,antenna and singleton
G{UrO{,4‐antiprism graph
FEl~w,2‐Apollonian graph
G?lvEc,augmented triangular prism dual graph
F?CPW,banner and two singletons
DIk,banner graph
E@HW,banner and singleton
F_CPW,banner and 2‐path
E`ow,3‐barbell graph
GwC^?{,4‐barbell graph
G@?H_[,3‐barbell and two singletons
FGD_w,3‐barbell and singleton
DNw,Beineke graph 2
E@lo,Beineke graph 4
EK\w,Beineke graph 5
E`lo,Beineke graph 7
EQlw,Beineke graph 8
F?Cxo,Beineke graph 2 and two singletons
G??Gww,Beineke graph 2 and three singletons
GJ?K[W,Beineke graph 2 and triangle
E@\o,Beineke graph 2 and singleton
F_Cxo,Beineke graph 2 and 2‐path
GG?Gww,"Beineke graph 2, 2‐path, and singleton"
GE?HXW,Beineke graph 2 and 3‐path
F?DXo,Beineke graph 4 and singleton
F@Oxw,Beineke graph 5 and singleton
FGDXo,Beineke graph 7 and singleton
FAHXw,Beineke graph 8 and singleton
ENzw,biggest little hexagon graph
GJZTS{,biggest little octagon graph
G?z\bc,bislit cube graph
G`G^e[,"(4,4)‐black bishop graph"
GCOf?{,3‐book graph
FBqbw,11‐rod braced hexagon graph 1
F??gw,bull and two singletons
DD[,bull graph
E?Sw,bull and singleton
F@AIW,bull and 2‐path
F@?Hw,butterfly and two singletons
D`{,butterfly graph
EGDw,butterfly and singleton
F`?Hw,butterfly and 2‐path
D@K,triangle and two singletons
F`?GW,triangle and two 2‐paths
GGC?GK,"triangle, two 2‐paths, and singleton"
E?CW,triangle and three singletons
F??GW,triangle and four singletons
G???GK,triangle and five singletons
CJ,triangle and singleton
F?C^?,triangle and claw
FwCWw,triangle and tetrahedron
F@NEG,triangle and tetrahedron minus edge
GwCWw{,triangle and pentatope
D`K,triangle and 2‐path
F@?GW,"triangle, 2‐path, and two singletons"
G?C?GK,"triangle, 2‐path, and three singletons"
EGCW,"triangle, 2‐path, and singleton"
E@N?,triangle and 3‐path
G??GX_,"triangle, 3‐path, and two singletons"
F?CZ?,"triangle, 3‐path, and singleton"
G@?G]?,"triangle, 3‐path, and 2‐path"
F@MAG,triangle and 4‐path
G?CY@C,"triangle, 4‐path, and singleton"
G?C\B?,triangle and 5‐path
E@GW,square and two singletons
F?COW,square and three singletons
Fr?GW,square and triangle
GIK?GK,"square, triangle, and singleton"
DIK,square and singleton
E`GW,square and 2‐path
FGCOW,"square, 2‐path, and singleton"
F@G]?,square and 3‐path
G@G[AC,square and 4‐path
F@GOW,pentagon and two singletons
G?COOK,pentagon and three singletons
GqK?GK,pentagon and triangle
EIGW,pentagon and singleton
F`GOW,pentagon and 2‐path
GGCOOK,"pentagon, 2‐path, and singleton"
G@GO]?,pentagon and 3‐path
FIGOW,hexagon and singleton
G`GOOK,hexagon and two 2‐paths
GIGOOK,heptagon and singleton
G?GSQK,4‐centipede graph
FrzPw,"7‐circulant graph (1,2)"
Grz^`{,"8‐circulant graph (1,2,4)"
Gf~fH{,"8‐circulant graph (1,3,4)"
EEhw,cis‐square with two triangles
F?XPw,cis square with two triangles and singleton
CF,claw graph
F^rHw,co‐square and triangle
G^zUX{,co‐pentagon and triangle
E~~w,6‐complete graph
F~~~w,7‐complete graph
G~~~~{,8‐complete graph
DFw,"(2,3)‐complete bipartite graph"
E?~o,"(2,4)‐complete bipartite graph"
F?B~o,"(2,5)‐complete bipartite graph"
G??F~w,"(2,6)‐complete bipartite graph"
F?~v_,"(3,4)‐complete bipartite graph"
G?B~vo,"(3,5)‐complete bipartite graph"
GFzf?{,"(4,4)‐complete bipartite graph"
EF~w,"(1,1,1,3)‐complete 4‐partite graph"
F?~~w,"(1,1,1,4)‐complete 4‐partite graph"
G?B~~{,"(1,1,1,5)‐complete 4‐partite graph"
FFz~w,"(1,1,2,3)‐complete 4‐partite graph"
F}l~w,"(1,2,2,2)‐complete 4‐partite graph"
E^~w,"(1,1,1,1,2)‐complete 5‐partite graph"
FF~~w,"(1,1,1,1,3)‐complete 5‐partite graph"
Fr~~w,"(1,1,1,2,2)‐complete 5‐partite graph"
G}l~~{,"(1,1,2,2,2)‐complete 5‐partite graph"
F^~~w,"(1,1,1,1,1,2)‐complete 6‐partite graph"
GF~~~{,"(1,1,1,1,1,3)‐complete 6‐partite graph"
Gr~~~{,"(1,1,1,1,2,2)‐complete 6‐partite graph"
G^~~~{,"(1,1,1,1,1,1,2)‐complete 7‐partite graph"
F?BHo,complete binary tree of depth 3
DF{,"(1,1,3)‐complete tripartite graph"
E?~w,"(1,1,4)‐complete tripartite graph"
F?B~w,"(1,1,5)‐complete tripartite graph"
G??F~{,"(1,1,6)‐complete tripartite graph"
EFzw,"(1,2,3)‐complete tripartite graph"
F?~vw,"(1,2,4)‐complete tripartite graph"
G?B~v{,"(1,2,5)‐complete tripartite graph"
F]o~w,"(1,3,3)‐complete tripartite graph"
G?~vf{,"(1,3,4)‐complete tripartite graph"
FF~vW,"(2,2,3)‐complete tripartite graph"
G?~~vk,"(2,2,4)‐complete tripartite graph"
G]o~~w,"(2,3,3)‐complete tripartite graph"
F??Hw,cricket and two singletons
D@{,cricket graph
E?Dw,cricket and singleton
F_?Hw,cricket and 2‐path
E?`w,cross graph
F?@@w,cross and singleton
G]MAG[,8‐cubic graph 3
GsXP_[,cubical graph
DqK,5‐cycle graph
EqGW,6‐cycle graph
FqGOW,7‐cycle graph
GqGOOK,8‐cycle graph
F??Xw,dart and two singletons
D@[,dart complement graph
DB{,dart graph
E?Lw,dart and singleton
F_?Xw,dart and 2‐path
G`??W[,diamond and two 2‐paths
C^,diamond graph
D^{,3‐dipyramidal graph
FqN~o,5‐dipyramidal graph
GqG^~w,6‐dipyramidal graph
F?Kxw,3‐dipyramid and two singletons
G??Ww{,3‐dipyramid and three singletons
Gw?Ww{,3‐dipyramid and triangle
EB\w,3‐dipyramid and singleton
F_Kxw,3‐dipyramid and 2‐path
GG?Ww{,"3‐dipyramid, 2‐path, and singleton"
GW?Ww{,3‐dipyramid and 3‐path
EQow,domino graph
FAH_w,domino and singleton
FwC^w,3‐double cone graph
G`N~~{,8‐double‐toroidal graph 2
GK^~~{,8‐double‐toroidal graph 3
G`~~~{,8‐double‐toroidal graph 4
GR^~~{,8‐double‐toroidal graph 5
GJ~~~{,8‐double‐toroidal graph 6
GMn~~{,8‐double‐toroidal graph 7
GR~~~{,8‐double‐toroidal graph 8
GN~~~{,8‐double‐toroidal graph 9
GNz~~{,8‐double‐toroidal graph 10
GN~v^{,8‐double‐toroidal graph 11
FSP@w,"(2,4)‐Dutch windmill graph"
F`?Nw,"(3,3)‐Dutch windmill graph"
ECOw,E graph
F@`Gw,Eiffel tower graph
F?O_w,E and singleton
A?,2‐empty graph
B?,3‐empty graph
C?,4‐empty graph
D??,5‐empty graph
E???,6‐empty graph
F????,7‐empty graph
G?????,8‐empty graph
G?qipk,"(4,3)‐erected polygon graph"
EDZw,"(1,5)‐fan graph"
F@hVw,"(1,6)‐fan graph"
G?Maf{,"(1,7)‐fan graph"
ER~o,"(2,4)‐fan graph"
FDZ~o,"(2,5)‐fan graph"
G@hV~w,"(2,6)‐fan graph"
FFzvW,"(3,4)‐fan graph"
GDZ~vo,"(3,5)‐fan graph"
G?~vvk,"(4,4)‐fan graph"
F?Srw,"(1,5)‐fan and singleton"
FALzo,"(2,4)‐fan and singleton"
G??MPg,"(2,4)‐firecracker graph"
EK`w,fish graph
F@P@w,fish and singleton
F??_w,fork and two singletons
DC[,fork graph
E?Ow,fork and singleton
F_?_w,fork and 2‐path
F?ur_,3‐gear graph
F?GXw,gem and two singletons
DR{,gem graph
EALw,gem and singleton
F_GXw,gem and 2‐path
GWdV?{,8‐Halin graph 2
G`hU@{,8‐Halin graph 4
ELhW,6‐Hamilton‐laceable graph 1
GSP@xw,8‐Hamilton‐laceable graph 1
G@h\Ac,8‐Hamilton‐laceable graph 2
GBZD?{,8‐Hamilton‐laceable graph 3
G@UdQk,8‐Hamilton‐laceable graph 4
G@UlQk,8‐Hamilton‐laceable graph 5
GEhf?{,8‐Hamilton‐laceable graph 7
G`Xc{w,8‐Hamilton‐laceable graph 8
GB`jSk,8‐Hamilton‐laceable graph 9
GBXc{w,8‐Hamilton‐laceable graph 10
FRr@w,"(3,7)‐Harary graph"
F?dXw,3‐helm graph
FsXPw,hemicubical graph
FdZ@w,hemiobelisk graph
FBqnw,heptahedral graph 4
FBuvW,heptahedral graph 5
FEh~w,heptahedral graph 6
FqIZw,heptahedral graph 8
FQo~w,heptahedral graph 9
FaM~W,heptahedral graph 10
FQNmw,heptahedral graph 11
FLU^W,heptahedral graph 12
FQd~w,heptahedral graph 13
FBz\w,heptahedral graph 16
FBrlo,heptahedral graph 18
FFqjw,heptahedral graph 20
FRqiw,heptahedral graph 21
FMiZw,heptahedral graph 22
F`uzw,heptahedral graph 23
FQNmo,heptahedral graph 25
FQurw,heptahedral graph 26
FTX^w,heptahedral graph 27
FLY}w,heptahedral graph 28
FRluW,heptahedral graph 30
FJzTw,heptahedral graph 31
FJz\w,heptahedral graph 34
G@hU^_,heptahedral graph 5 dual
GII]dS,heptahedral graph 20 dual
GcUb@{,heptahedral graph 22 dual
G`O|Uc,heptahedral graph 26 dual
G@hVMo,heptahedral graph 30 dual
EMnw,hexahedral graph 4
E?ow,H graph
G?ClQk,"(8,2)‐highly irregular graph"
G?G\Qk,"(8,3)‐highly irregular graph"
F?@_w,H and singleton
F?CpW,house and two singletons
DMk,house graph
E@XW,house and singleton
F_CpW,house and 2‐path
F?Cxw,house X and two singletons
DN{,house X graph
E@\w,house X and singleton
F_Cxw,house X and 2‐path
GTlai[,Johnson solid skeleton 14
G`hkqk,Johnson solid skeleton 26
FdlrW,Johnson solid skeleton 49
GRh^e[,Johnson solid skeleton 50
G`zTzw,Johnson solid skeleton 84
Gro~~w,Jørgensen graph
GB\zz{,"(1,1,1,1,1,2)‐complete 6‐partite graph and singleton"
FB\zw,"(1,1,1,1,2)‐complete 5‐partite graph and singleton"
GILzz{,"(1,1,1,2,2)‐complete 5‐partite graph and singleton"
F?\zw,"(1,1,1,3)‐complete 4‐bipartite graph and singleton"
F??xw,"(1,1,3)‐tripartite graph and two singletons"
E?\w,"(1,1,3)‐tripartite graph and singleton"
F?@zw,"(1,1,4)‐tripartite graph and singleton"
F?\rw,"(1,2,3)‐tripartite graph and singleton"
F???w,claw and three singletons
D?[,claw and singleton
G??KZ_,claw and paw
F??@w,"(1,4)‐bipartite graph and two singletons"
E?@w,"(1,4)‐bipartite graph and singleton"
F??Bw,"(1,5)‐bipartite graph and singleton"
G?\zrk,"(2,2,3)‐tripartite graph and singleton"
F??xo,"(2,3)‐bipartite graph and two singletons"
E?\o,"(2,3)‐bipartite graph and singleton"
F?@zo,"(2,4)‐bipartite graph and singleton"
FBX_w,utility graph and singleton
G_Kp_[,utility graph and 2‐path
E@Kw,tetrahedron and two singletons
G`?GW[,tetrahedron and two 2‐paths
F?CWw,tetrahedron and three singletons
GImta[,"(4,4)‐complete bipartite graph minus edge"
E?Kw,tetrahedron minus edge and two singletons
F??Ww,tetrahedron minus edge and three singletons
DB[,tetrahedron minus edge and singleton
DJ[,tetrahedron and singleton
G?CW~?,tetrahedron and claw
G@?GW[,"tetrahedron, 2‐path, and two singletons"
F@Kxw,pentatope and two singletons
G?CWw{,pentatope and three singletons
EJ\w,pentatope and singleton
FJ\zw,6‐complete graph and singleton
F`~~w,7‐complete graph minus square
GJ\zz{,7‐complete graph and singleton
FGFco,"(3,3,2)‐kayak paddle graph"
G`?N?w,"(3,3,3)‐kayak paddle graph"
F_KuG,"(3,4,1)‐kayak paddle graph"
GG?[v?,"(3,4,2)‐kayak paddle graph"
G_GXeC,"(3,5,1)‐kayak paddle graph"
G?NE@c,"(4,4,1)‐kayak paddle graph"
GWEA?{,9‐cyclic graph 56
GIIC?{,9‐cyclic graph 57
G?COVK,11‐cyclic graph 208
G?CKbK,11‐cyclic graph 210
G?GXeC,11‐cyclic graph 211
G?CCjW,11‐cyclic graph 212
G@GSA[,11‐cyclic graph 213
G?CciW,11‐cyclic graph 214
G?AQXo,11‐cyclic graph 215
G@E@IS,11‐cyclic graph 216
G?I@io,11‐cyclic graph 218
G?C`E{,11‐cyclic graph 219
GHO?k[,11‐cyclic graph 220
GAH@c[,11‐cyclic graph 221
G@?HuK,11‐cyclic graph 222
G?K@mK,11‐cyclic graph 223
G@?@}W,11‐cyclic graph 224
G?CdA{,11‐cyclic graph 226
GI?Hc[,11‐cyclic graph 227
G@?CZw,11‐cyclic graph 228
G@GCI{,11‐cyclic graph 230
G@P@c[,11‐cyclic graph 231
GGHOkS,11‐cyclic graph 233
G?HRKo,11‐cyclic graph 234
G?G^E_,11‐cyclic graph 235
G@P_kS,11‐cyclic graph 236
GG@P[o,11‐cyclic graph 237
GAL@KK,11‐cyclic graph 238
GG?]dO,11‐cyclic graph 239
GH@GkS,11‐cyclic graph 240
G?EaHs,11‐cyclic graph 241
G@IAG{,11‐cyclic graph 242
G@PC@{,11‐cyclic graph 243
G?Eb?{,11‐cyclic graph 244
G?IR?{,11‐cyclic graph 245
GGD_kS,11‐cyclic graph 246
GB@_[S,11‐cyclic graph 247
G?AqPs,11‐cyclic graph 248
GODB?{,11‐cyclic graph 249
GQO@G{,11‐cyclic graph 250
G`?AXw,11‐cyclic graph 251
GG?ZKo,11‐cyclic graph 252
GGC?N{,11‐cyclic graph 254
G`_AH{,11‐cyclic graph 255
G@`E@{,11‐cyclic graph 256
GI?@[{,11‐cyclic graph 257
GAGBK{,11‐cyclic graph 258
GGCBK{,11‐cyclic graph 259
Gq??X{,11‐cyclic graph 260
GSOAH{,11‐cyclic graph 261
GG?A|w,11‐cyclic graph 262
GW_QG{,11‐cyclic graph 263
GI_cG{,11‐cyclic graph 264
G@bAHs,11‐cyclic graph 265
GC`aHs,11‐cyclic graph 266
GIICG{,11‐cyclic graph 267
GGASZo,11‐cyclic graph 268
G__qHs,11‐cyclic graph 269
GCQaHs,11‐cyclic graph 270
GaA_Xs,11‐cyclic graph 271
G`AIHs,11‐cyclic graph 272
GK`@G{,11‐cyclic graph 273
GQB?Xs,11‐cyclic graph 274
G?`cjo,11‐cyclic graph 275
GWEAG{,11‐cyclic graph 276
GGCCJ{,11‐cyclic graph 277
G?QJ`k,11‐cyclic graph 278
GAAJPk,11‐cyclic graph 279
G?MBIk,11‐cyclic graph 280
GGEBG{,11‐cyclic graph 281
GAIBG{,11‐cyclic graph 282
G?AJrg,11‐cyclic graph 283
G?EBjW,11‐cyclic graph 284
GGAJ_{,11‐cyclic graph 285
G?AZbS,11‐cyclic graph 286
G`?M@{,11‐cyclic graph 287
G`B?Xs,11‐cyclic graph 288
GK?CZ{,11‐cyclic graph 289
Go??z{,11‐cyclic graph 290
G_?@~w,11‐cyclic graph 291
G?NDIk,11‐cyclic graph 292
GAG]LK,11‐cyclic graph 293
G?DfKw,11‐cyclic graph 294
G?NEHk,11‐cyclic graph 295
G?CmnG,11‐cyclic graph 296
G?DelW,11‐cyclic graph 297
GGC]LK,11‐cyclic graph 298
G?Bczo,11‐cyclic graph 299
G?C^NG,11‐cyclic graph 300
E`~w,"(2,3)‐king graph"
G`rHx{,"(2,4)‐king graph"
FGDzw,"(2,3)‐king and singleton"
F?GWw,kite and two singletons
DR[,kite graph
EAKw,kite and singleton
FG_Ww,kite and 2‐path
EC^w,"2‐tree (6,2)"
F?`~w,"2‐tree (7,2)"
F?o~w,"2‐tree (7,3)"
FCDnw,"2‐tree (7,4)"
F?Nmw,"2‐tree (7,5)"
FCO~w,"2‐tree (7,6)"
FAJ\w,"2‐tree (7,7)"
FCYZw,"2‐tree (7,8)"
G?AB~{,"2‐tree (8,2)"
G?B@~{,"2‐tree (8,3)"
G?_Jn{,"2‐tree (8,4)"
G??^n[,"2‐tree (8,5)"
G?BHv{,"2‐tree (8,6)"
G?Bcz{,"2‐tree (8,7)"
G?`@~{,"2‐tree (8,8)"
G?GV]{,"2‐tree (8,9)"
G?F@^{,"2‐tree (8,10)"
G?`cz{,"2‐tree (8,11)"
GCD@^{,"2‐tree (8,12)"
G?Qcz{,"2‐tree (8,13)"
GAEDZ{,"2‐tree (8,14)"
G?`sr{,"2‐tree (8,15)"
G?FeX{,"2‐tree (8,16)"
G?aJj{,"2‐tree (8,17)"
GCCJN{,"2‐tree (8,18)"
G?QLj{,"2‐tree (8,19)"
G?NCZ{,"2‐tree (8,20)"
G?NEX{,"2‐tree (8,23)"
G?dbk{,"2‐tree (8,24)"
GCW[j[,"2‐tree (8,28)"
GCO_~{,"2‐tree (8,29)"
GAICz{,"2‐tree (8,30)"
GCGmi{,"2‐tree (8,31)"
G@`SZ{,"2‐tree (8,33)"
FC^~w,"3‐tree (7,2)"
FDZ~w,"3‐tree (7,3)"
FQl~w,"3‐tree (7,5)"
G?`~~{,"3‐tree (8,2)"
G?o~~{,"3‐tree (8,3)"
GCDn~{,"3‐tree (8,4)"
G?Nm~{,"3‐tree (8,5)"
GCO~~{,"3‐tree (8,7)"
GAJ\~{,"3‐tree (8,8)"
GCYZ~{,"3‐tree (8,9)"
FR~~w,"4‐tree (7,2)"
G?~~~{,"4‐tree (8,1)"
GC^~~{,"4‐tree (8,2)"
GDZ~~{,"4‐tree (8,3)"
GEl~~{,"4‐tree (8,4)"
GQl~~{,"4‐tree (8,5)"
G`OkOk,4‐ladder graph
C`,2‐ladder rung graph
E`?G,3‐ladder rung graph
G`?G?C,4‐ladder rung graph
G_Axrs,Lemke graph
DJ{,"(4,1)‐lollipop graph"
E`Lw,"(4,2)‐lollipop graph"
FgCXw,"(4,3)‐lollipop graph"
Gh?GW{,"(4,4)‐lollipop graph"
EJ^w,"(5,1)‐lollipop graph"
F`Kzw,"(5,2)‐lollipop graph"
GgCWx{,"(5,3)‐lollipop graph"
FJ\~w,"(6,1)‐lollipop graph"
G`Kxz{,"(6,2)‐lollipop graph"
GJ\z~{,"(7,1)‐lollipop graph"
F?CXw,"(4,1)‐lollipop and two singletons"
GJ?G[[,"(4,1)‐lollipop graph and triangle"
E@Lw,"(4,1)‐lollipop and singleton"
F_CXw,"(4,1)‐lollipop and 2‐path"
FGCXw,"(4,2)‐lollipop and singleton"
F@Kzw,"(5,1)‐lollipop and singleton"
FCOpW,longhorn graph
E?Fw,6‐matchstick graph 4
E?dw,6‐matchstick graph 5
E@`w,6‐matchstick graph 6
ECLg,6‐matchstick graph 9
E@NG,6‐matchstick graph 10
E?lo,6‐matchstick graph 20
E?lw,7‐matchstick graph 3
ECLw,7‐matchstick graph 4
E_Lw,7‐matchstick graph 5
E@NW,7‐matchstick graph 6
EQSw,7‐matchstick graph 8
EGFw,7‐matchstick graph 9
EGdw,7‐matchstick graph 10
F??Nw,7‐matchstick graph 11
F?AJw,7‐matchstick graph 12
F?EBw,7‐matchstick graph 13
EGUw,7‐matchstick graph 14
F?BHw,7‐matchstick graph 15
F?`Hw,7‐matchstick graph 16
FC@Hw,7‐matchstick graph 17
FC?ZW,7‐matchstick graph 18
F?F@w,7‐matchstick graph 20
F@`@w,7‐matchstick graph 21
FOCaw,7‐matchstick graph 22
EBUg,7‐matchstick graph 24
EBqg,7‐matchstick graph 26
F?oXg,7‐matchstick graph 27
F?gqg,7‐matchstick graph 29
F?C^G,7‐matchstick graph 31
F@_qW,7‐matchstick graph 32
F@?}O,7‐matchstick graph 33
F?CVW,7‐matchstick graph 37
F?ERW,7‐matchstick graph 41
F@IAw,7‐matchstick graph 42
F?AZo,7‐matchstick graph 43
F@GUW,7‐matchstick graph 47
F?IYo,7‐matchstick graph 53
F@_ig,7‐matchstick graph 54
E@zO,7‐matchstick graph 55
F?KuG,7‐matchstick graph 56
F?_z_,7‐matchstick graph 57
F?Mag,7‐matchstick graph 59
F?ErO,7‐matchstick graph 65
EANw,8‐matchstick graph 1
E@tw,8‐matchstick graph 2
EPTw,8‐matchstick graph 3
E_Nw,8‐matchstick graph 4
F??^w,8‐matchstick graph 5
F?AZw,8‐matchstick graph 6
F?_Zw,8‐matchstick graph 7
FO?Zw,8‐matchstick graph 8
E@zW,8‐matchstick graph 9
F?IYw,8‐matchstick graph 10
F?_zg,8‐matchstick graph 11
EQdw,8‐matchstick graph 12
F?FHw,8‐matchstick graph 13
F?dPw,8‐matchstick graph 14
FCHHw,8‐matchstick graph 15
FOGYw,8‐matchstick graph 16
F?N@w,8‐matchstick graph 17
Fg?Xw,8‐matchstick graph 18
EKdw,8‐matchstick graph 19
F?C^W,8‐matchstick graph 20
FCCZW,8‐matchstick graph 21
FCGiw,8‐matchstick graph 22
FKCXW,8‐matchstick graph 24
F?spg,8‐matchstick graph 25
FDPHW,8‐matchstick graph 26
F@?Nw,8‐matchstick graph 27
F@AJw,8‐matchstick graph 28
FGEBw,8‐matchstick graph 29
F@?}W,8‐matchstick graph 31
F@`Hw,8‐matchstick graph 32
F?hPw,8‐matchstick graph 33
F`@Hw,8‐matchstick graph 34
G???N{,8‐matchstick graph 35
G??CJ{,8‐matchstick graph 36
G??KB{,8‐matchstick graph 37
F@?mw,8‐matchstick graph 38
G??EH{,8‐matchstick graph 39
G?AAH{,8‐matchstick graph 40
G?_AH{,8‐matchstick graph 41
G?_?Zk,8‐matchstick graph 42
F@PDw,8‐matchstick graph 43
G??M@{,8‐matchstick graph 44
G?EA@{,8‐matchstick graph 45
GC?Gb[,8‐matchstick graph 46
F?ErW,8‐matchstick graph 47
F@IIw,8‐matchstick graph 48
F?gqw,8‐matchstick graph 49
FK@Hw,8‐matchstick graph 50
F?gZg,8‐matchstick graph 51
G??MHk,8‐matchstick graph 52
G?@CXs,8‐matchstick graph 53
F@G]W,8‐matchstick graph 54
G?IAG{,8‐matchstick graph 55
G?Q?Xk,8‐matchstick graph 56
FIAHw,8‐matchstick graph 57
FI?kw,8‐matchstick graph 58
G?B@O{,8‐matchstick graph 59
GCO@G{,8‐matchstick graph 60
GA_?h[,8‐matchstick graph 61
GCCAH[,8‐matchstick graph 62
G?B?Xs,8‐matchstick graph 63
GCC?ZK,8‐matchstick graph 64
F@R@w,8‐matchstick graph 65
FGAZo,8‐matchstick graph 66
FGDcw,8‐matchstick graph 67
G??KZc,8‐matchstick graph 68
G?EB?{,8‐matchstick graph 69
GC?I`[,8‐matchstick graph 70
F``@w,8‐matchstick graph 71
GOCa?{,8‐matchstick graph 72
G?CEHw,8‐matchstick graph 73
GD?HA[,8‐matchstick graph 74
ED^_,8‐matchstick graph 75
F?cz_,8‐matchstick graph 76
FKOgw,8‐matchstick graph 77
F?Kmg,8‐matchstick graph 79
FCSpW,8‐matchstick graph 80
FCXHg,8‐matchstick graph 81
FBOkW,8‐matchstick graph 82
G?AIXo,8‐matchstick graph 83
GCOOXK,8‐matchstick graph 84
G?KSIK,8‐matchstick graph 85
FAWkg,8‐matchstick graph 86
F?X\_,8‐matchstick graph 87
FGW[g,8‐matchstick graph 88
G?AGZc,8‐matchstick graph 89
G?_WjC,8‐matchstick graph 90
G?GSiW,8‐matchstick graph 91
FANDG,8‐matchstick graph 92
G?`PPc,8‐matchstick graph 93
G??[jO,8‐matchstick graph 94
G@APQS,8‐matchstick graph 95
G??G^c,8‐matchstick graph 96
G?E?rK,8‐matchstick graph 97
G?C[JC,8‐matchstick graph 99
G@`?Xc,8‐matchstick graph 100
G@AHaS,8‐matchstick graph 101
G?C?~G,8‐matchstick graph 103
G@A@qW,8‐matchstick graph 104
G@?HuG,8‐matchstick graph 105
G??GVk,8‐matchstick graph 109
G??KRk,8‐matchstick graph 113
G?CSB[,8‐matchstick graph 114
G??CZw,8‐matchstick graph 115
FAHcw,8‐matchstick graph 124
G??MPk,8‐matchstick graph 125
G?AIPk,8‐matchstick graph 126
G?EA`[,8‐matchstick graph 127
G?AIHs,8‐matchstick graph 128
GC?GrK,8‐matchstick graph 129
FG@\o,8‐matchstick graph 131
G?CU@[,8‐matchstick graph 132
G@IA?{,8‐matchstick graph 133
GC?AXw,8‐matchstick graph 134
GCG_a[,8‐matchstick graph 135
G??EXw,8‐matchstick graph 136
GC??zW,8‐matchstick graph 137
G?CO^C,8‐matchstick graph 144
G?K_eK,8‐matchstick graph 152
FGSkg,8‐matchstick graph 160
F@XSW,8‐matchstick graph 161
G?GKig,8‐matchstick graph 162
G?G[Ic,8‐matchstick graph 164
F_Mag,8‐matchstick graph 165
G?CKjG,8‐matchstick graph 166
G@`@Ok,8‐matchstick graph 167
G?E`aS,8‐matchstick graph 168
F?\cg,8‐matchstick graph 169
G??[rG,8‐matchstick graph 170
G?M@aK,8‐matchstick graph 171
F?Ne_,8‐matchstick graph 172
G?A`qo,8‐matchstick graph 173
G?`@pg,8‐matchstick graph 174
G?K@mG,8‐matchstick graph 175
G?G\Ac,8‐matchstick graph 185
G??\bO,8‐matchstick graph 196
G?GTaW,8‐matchstick graph 197
F?G^w,9‐matchstick graph 2
F?IZw,9‐matchstick graph 3
FCCjw,9‐matchstick graph 4
F?G}w,9‐matchstick graph 8
F?Miw,9‐matchstick graph 9
FAIXw,9‐matchstick graph 10
F?czg,9‐matchstick graph 11
F_Dhw,9‐matchstick graph 12
F?NPw,9‐matchstick graph 13
F@hPw,9‐matchstick graph 14
FaChw,9‐matchstick graph 15
FG?^w,9‐matchstick graph 16
FGAZw,9‐matchstick graph 17
F@QJw,9‐matchstick graph 18
F?YRw,9‐matchstick graph 19
FG@\w,9‐matchstick graph 24
FAHLw,9‐matchstick graph 29
Fo?Zw,9‐matchstick graph 34
F@`iw,9‐matchstick graph 38
F?drW,9‐matchstick graph 39
F@FJW,9‐matchstick graph 40
F?Neg,9‐matchstick graph 45
FGFHw,9‐matchstick graph 49
FIEHw,9‐matchstick graph 50
FEOhw,9‐matchstick graph 51
FECjW,9‐matchstick graph 52
FGDkw,9‐matchstick graph 53
FGSsw,9‐matchstick graph 58
FcHHw,9‐matchstick graph 61
F_N@w,9‐matchstick graph 67
F@PLw,9‐matchstick graph 72
FKCZW,9‐matchstick graph 73
FAU`w,9‐matchstick graph 74
FIC\W,9‐matchstick graph 78
FSPHw,9‐matchstick graph 82
F@LuO,9‐matchstick graph 86
FWEYo,9‐matchstick graph 87
FGeZ_,9‐matchstick graph 91
F?XTw,9‐matchstick graph 100
FKAJw,9‐matchstick graph 101
F?Naw,9‐matchstick graph 109
FAd`w,9‐matchstick graph 110
FCSrW,9‐matchstick graph 111
F``Hw,9‐matchstick graph 117
F_hPw,9‐matchstick graph 120
GGD@C{,9‐matchstick graph 163
FAJcw,9‐matchstick graph 168
FQ`Hw,9‐matchstick graph 172
FBDLW,9‐matchstick graph 173
FAj@w,9‐matchstick graph 179
FAStW,9‐matchstick graph 180
FOoZg,9‐matchstick graph 185
F?yRg,9‐matchstick graph 212
GIGCG{,9‐matchstick graph 225
FGeJg,9‐matchstick graph 239
GGDD?{,9‐matchstick graph 252
G@OEHw,9‐matchstick graph 260
FAK^G,9‐matchstick graph 270
F@drO,9‐matchstick graph 271
F@lag,9‐matchstick graph 272
FGd\_,9‐matchstick graph 273
FIMSW,9‐matchstick graph 283
FCS~?,9‐matchstick graph 287
F@NUO,9‐matchstick graph 300
FANTO,9‐matchstick graph 301
G?SuDC,9‐matchstick graph 322
GAO`C{,9‐matchstick graph 381
GAOd?{,9‐matchstick graph 423
F?o~_,9‐matchstick graph 437
GI?CXw,9‐matchstick graph 438
FAMuO,9‐matchstick graph 522
G_G\Ac,9‐matchstick graph 543
G?hU@c,9‐matchstick graph 568
F?Svw,10‐matchstick graph 1
FAIZw,10‐matchstick graph 2
FAEjw,10‐matchstick graph 3
FPDJw,10‐matchstick graph 4
F@`Nw,10‐matchstick graph 5
F?X\w,10‐matchstick graph 10
FAH\w,10‐matchstick graph 11
F_IZw,10‐matchstick graph 12
FQEJw,10‐matchstick graph 19
FCXXw,10‐matchstick graph 26
F@pXw,10‐matchstick graph 27
FPOyw,10‐matchstick graph 28
FGaZw,10‐matchstick graph 29
F@h]W,10‐matchstick graph 35
FH`[w,10‐matchstick graph 38
FGU\g,10‐matchstick graph 43
FGeZg,10‐matchstick graph 49
F`hPw,10‐matchstick graph 53
F?ovw,10‐matchstick graph 57
F?qrw,10‐matchstick graph 63
F@qRw,10‐matchstick graph 68
FBaJw,10‐matchstick graph 73
F@NUW,10‐matchstick graph 151
F?^Tg,10‐matchstick graph 155
G?G^Ec,10‐matchstick graph 182
FAiZg,10‐matchstick graph 186
FDZ@w,10‐matchstick graph 192
FTHIw,10‐matchstick graph 197
FPNAw,10‐matchstick graph 269
FTPHw,10‐matchstick graph 273
FB^DG,10‐matchstick graph 311
GGECB{,10‐matchstick graph 350
FPdaw,10‐matchstick graph 395
GG?[vC,10‐matchstick graph 418
GG?]dS,10‐matchstick graph 626
FDLeW,10‐matchstick graph 661
GGEF?{,10‐matchstick graph 880
G@?NeW,10‐matchstick graph 894
G@?NUg,10‐matchstick graph 1507
E@^w,6‐maximally graceful graph 1
F?NZw,7‐maximally graceful graph 1
G?GYzk,8‐maximally graceful graph 1
G??kz{,8‐maximum planar embedding graph 1
GwC^~{,M‐graph
G}GOW[,minimal 3‐regular matchstick graph
FtPHw,Moser spindle
E?Nw,moth graph
F??Zw,moth and singleton
ECSw,net graph
F?Ogw,net and singleton
FCS~w,7‐nut graph 2
F@l~_,7‐nut graph 3
G@`LYw,8‐nut graph 1
GGD[|s,8‐nut graph 2
G@Ld}{,8‐nut graph 3
G@`H}W,8‐nut graph 4
G@hTz{,8‐nut graph 5
GJXS\{,8‐nut graph 6
GIIZ~{,8‐nut graph 7
G`Qxzs,8‐nut graph 9
GdZ@x{,8‐nut graph 10
GBzm|{,8‐nut graph 11
GJzT|{,8‐nut graph 13
GKDm|{,octahedral graph 2
GGdu|w,octahedral graph 3
GPQy~s,octahedral graph 4
GcG}z{,octahedral graph 5
GIaZ|w,octahedral graph 6
GIakz{,octahedral graph 7
GIiSZ{,octahedral graph 8
GKUTZ{,octahedral graph 9
GLUKj[,octahedral graph 10
GBai~S,octahedral graph 11
GEHm|{,octahedral graph 14
GDdb~[,octahedral graph 15
GDdb~W,octahedral graph 16
GD^Cj[,octahedral graph 17
GEddZ{,octahedral graph 18
GTHI~{,octahedral graph 19
GeClZ{,octahedral graph 20
GUS\J[,octahedral graph 21
GHeje{,octahedral graph 22
GQUTZ{,octahedral graph 23
GTTKj[,octahedral graph 24
GBbLZo,octahedral graph 25
GBamZs,octahedral graph 26
G`Su\[,octahedral graph 27
GEUdZ{,octahedral graph 29
GDVLb[,octahedral graph 30
Ge_hz{,octahedral graph 31
GJEM\W,octahedral graph 33
GQU\b[,octahedral graph 34
GBou\[,octahedral graph 35
G`UeH{,octahedral graph 36
GH`[~{,octahedral graph 37
G`FLZ{,octahedral graph 38
GKQkzs,octahedral graph 39
G_Ndi{,octahedral graph 40
G`Qm`{,octahedral graph 41
Gacp~[,octahedral graph 44
GB`m\s,octahedral graph 45
GBbJ\o,octahedral graph 46
GWFKz{,octahedral graph 47
GBbJ\s,octahedral graph 48
GKdP~[,octahedral graph 49
GKI]Zs,octahedral graph 50
GKJKzo,octahedral graph 51
GHd[vK,octahedral graph 52
GIMS^{,octahedral graph 53
GKJKr{,octahedral graph 54
GDReP{,octahedral graph 55
G`qah{,octahedral graph 57
GDRLR{,octahedral graph 58
GcUbH{,octahedral graph 60
G`qXz{,octahedral graph 64
GKYY|k,octahedral graph 65
GcsrH{,octahedral graph 66
GKdZl[,octahedral graph 67
GKU\b[,octahedral graph 68
G`qix{,octahedral graph 69
GIeZl[,octahedral graph 70
GTOz]{,octahedral graph 72
GRhP}[,octahedral graph 73
GDYr]{,octahedral graph 74
GDlbm[,octahedral graph 75
GQUtZ{,octahedral graph 77
GQh\rk,octahedral graph 78
GTQiz{,octahedral graph 80
GSlaj{,octahedral graph 81
GKX\tk,octahedral graph 82
GTdrQ[,octahedral graph 83
GQhZtk,octahedral graph 84
GQh\zw,octahedral graph 85
GCW}~k,octahedral graph 87
GCW}~g,octahedral graph 88
GGfTZ{,octahedral graph 89
G@p^Ls,octahedral graph 90
GGnCj{,octahedral graph 92
GEcnJ{,octahedral graph 93
G@p\^c,octahedral graph 94
GFULJ[,octahedral graph 95
G@h]^_,octahedral graph 96
G@nI~k,octahedral graph 97
G@p^\w,octahedral graph 98
G@jUZs,octahedral graph 99
G@fZnS,octahedral graph 100
G@p^\{,octahedral graph 101
GAfdZ{,octahedral graph 102
GCLnm{,octahedral graph 103
GAiZn{,octahedral graph 104
GoFHz{,octahedral graph 105
GSXKj{,octahedral graph 106
GB_}^S,octahedral graph 107
GEd`~[,octahedral graph 109
G@pt]s,octahedral graph 110
G@p^Tg,octahedral graph 111
GAmZfK,octahedral graph 112
G_Ncz{,octahedral graph 113
G@p^Tk,octahedral graph 114
GCsrn[,octahedral graph 115
GCZLb{,octahedral graph 116
GcQrP{,octahedral graph 117
GANTV{,octahedral graph 118
GANT^{,octahedral graph 119
GEcjn[,octahedral graph 120
GD]Q^K,octahedral graph 121
G@hu]s,octahedral graph 122
G_f`z{,octahedral graph 123
GANel[,octahedral graph 124
G@h]^{,octahedral graph 125
G_Mi~k,octahedral graph 126
G@qivk,octahedral graph 127
GAMm^k,octahedral graph 128
G@h]^c,octahedral graph 129
G@r\r{,octahedral graph 131
GA^Tl[,octahedral graph 132
GCZR|w,octahedral graph 133
GC^Tj[,octahedral graph 134
GCZ\r{,octahedral graph 135
GB`m|{,octahedral graph 136
GEotZ{,octahedral graph 137
GBYU\[,octahedral graph 138
GBZLSk,octahedral graph 140
GDNMb[,octahedral graph 141
G@rTZs,octahedral graph 142
GCXu|w,octahedral graph 145
G@qR~{,octahedral graph 147
G@qR~w,octahedral graph 148
G@pV\w,octahedral graph 149
G@hV]w,octahedral graph 150
GLBKZs,octahedral graph 151
GAj@~{,octahedral graph 153
G@VLVk,octahedral graph 154
GQ`cz{,octahedral graph 155
GQb_zs,octahedral graph 156
G@hVMs,octahedral graph 157
Gq?kz{,octahedral graph 159
GWbOzs,octahedral graph 160
G_hP~{,octahedral graph 161
G@pV\{,octahedral graph 162
G@hV]{,octahedral graph 163
GYAKz{,octahedral graph 164
GQEJ~{,octahedral graph 166
GcHH~{,octahedral graph 167
GANDN{,octahedral graph 168
GQEJ~w,octahedral graph 170
GBhK^k,octahedral graph 171
GQG^]w,octahedral graph 172
GB`N\w,octahedral graph 174
GQ`H~{,octahedral graph 177
G_Man{,octahedral graph 178
GQMI^k,octahedral graph 179
GWFSZs,octahedral graph 180
GaIcz{,octahedral graph 183
GUHCZ{,octahedral graph 184
G@hU^c,octahedral graph 185
GQG^]{,octahedral graph 186
GIacz{,octahedral graph 187
GB`N\{,octahedral graph 188
Gk?kz{,octahedral graph 189
GBqb~w,octahedral graph 193
GSXTzw,octahedral graph 194
GDZDzw,octahedral graph 195
G`hTzw,octahedral graph 196
G[S[j[,octahedral graph 197
GR`LYw,octahedral graph 198
G?lv]{,octahedral graph 200
G?nej{,octahedral graph 201
G?lvUk,octahedral graph 202
G?zTb{,octahedral graph 204
Gc`rP{,octahedral graph 205
G?^elk,octahedral graph 208
GId~d[,octahedral graph 211
Gi]ch{,octahedral graph 212
GD^Dj[,octahedral graph 213
GIiZ|w,octahedral graph 214
GKh\rk,octahedral graph 215
GJYU\{,octahedral graph 217
GZTLK{,octahedral graph 218
GD]rUK,octahedral graph 219
GDnBj[,octahedral graph 220
G`Mr]{,octahedral graph 221
G`MrU{,octahedral graph 222
G`Llms,octahedral graph 223
GMeJH{,octahedral graph 224
G`Mr]o,octahedral graph 225
GJ_~]w,octahedral graph 226
G@]vM{,octahedral graph 228
G@nbms,octahedral graph 229
G@lvUg,octahedral graph 230
GaUtP{,octahedral graph 231
GHM]m[,octahedral graph 232
G@lvE{,octahedral graph 233
GC^Tb[,octahedral graph 234
GsDXr[,octahedral graph 235
GS\Sj[,octahedral graph 237
GBrLPk,octahedral graph 238
G@lvUk,octahedral graph 241
G@lv]w,octahedral graph 242
GDhr]{,octahedral graph 244
GBmbm[,octahedral graph 245
GB]tUK,octahedral graph 246
GIM]l[,octahedral graph 247
GcUrP{,octahedral graph 248
GD]bM{,octahedral graph 249
GSS}b[,octahedral graph 250
GR`MXw,octahedral graph 251
GBizu[,octahedral graph 253
E}lw,octahedral graph
FJXXw,octahedron and singleton
G?@~~{,"(8,3)‐ones vector not in distance matrix image graph"
G_?z~{,"(8,4)‐ones vector not in distance matrix image graph"
G?C^N{,"(8,5)‐ones vector not in distance matrix image graph"
G?Nmvk,"(8,6)‐ones vector not in distance matrix image graph"
G?N~~{,"(8,7)‐ones vector not in distance matrix image graph"
G?\u|w,"(8,8)‐ones vector not in distance matrix image graph"
G?\~~{,"(8,9)‐ones vector not in distance matrix image graph"
G@K}~{,"(8,10)‐ones vector not in distance matrix image graph"
G@N^~{,"(8,11)‐ones vector not in distance matrix image graph"
GGS~vk,"(8,12)‐ones vector not in distance matrix image graph"
GB~~~{,"(8,14)‐ones vector not in distance matrix image graph"
C@,2‐path and two singletons
D?C,2‐path and three singletons
E??G,two 2‐paths and four singletons
F???G,2‐path and five singletons
BG,2‐path and singleton
F_?xw,"2‐path and (1,1,3)‐tripartite graph"
E_?w,2‐path and claw
FG??w,"2‐path, claw, and singleton"
F_?@w,"2‐path and (1,4)‐bipartite graph"
F_?xo,"2‐path and (2,3)‐bipartite graph"
E`Kw,2‐path and tetrahedron
E_Kw,2‐path and tetrahedron minus edge
FG?Ww,"2‐path, tetrahedron minus edge, and singleton"
FGCWw,"2‐path, tetrahedron, and singleton"
F`Kxw,2‐path and pentatope
GGCWw{,"2‐path, pentatope, and singleton"
D?K,3‐path and two singletons
F`??W,3‐path and two 2‐paths
E??W,3‐path and three singletons
F???W,3‐path and four singletons
CB,3‐path and singleton
F?B@o,3‐path and claw
FWCWw,3‐path and tetrahedron
F?opg,3‐path and tetrahedron minus edge
GWCWw{,3‐path and pentatope
D_K,3‐path and 2‐path
F@??W,"3‐path, 2‐path, and two singletons"
EG?W,"3‐path, 2‐path, and singleton"
E?GW,4‐path and two singletons
F??OW,4‐path and three singletons
DAK,4‐path and singleton
E@`G,4‐path and 2‐path
F?D@G,"4‐path, 2‐path, and singleton"
F?`H_,4‐path and 3‐path
F??go,5‐path and two singletons
E?So,5‐path and singleton
F@AIO,5‐path and 2‐path
F?DPO,6‐path and singleton
EIIW,5‐pan graph
FBOcW,6‐pan graph
GAL@CK,7‐pan graph
F@GQW,5‐pan and singleton
FBS~W,parachute graph
FCOjw,parapluie graph
A_,2‐path graph
BW,3‐path graph
CR,4‐path graph
DDW,5‐path graph
E@hO,6‐path graph
F?Ma_,7‐path graph
G?G\A_,8‐path graph
ERzW,6‐path complement graph
Fd^vW,7‐path complement graph
Gql~vk,8‐path complement graph
FALrW,6‐path complement and singleton
GQ?MPg,pathwidth 2 forbidden minor 3
GGDPSK,pathwidth 2 forbidden minor 4
G@GSYW,pathwidth 2 forbidden minor 5
G?AYpo,pathwidth 2 forbidden minor 6
G_Ogpk,pathwidth 2 forbidden minor 7
E?Cw,paw and two singletons
F??Gw,paw and three singletons
FJ?KW,paw and triangle
G@K?IK,"paw, triangle, and singleton"
CN,paw graph
E_Cw,paw and 2‐path
FG?Gw,"paw, 2‐path, and singleton"
FE?HW,paw and 3‐path
GrMAG[,pentagonal wedge graph
D~{,pentatope graph
GYeQX{,3‐Petersen family graph
Fs\zw,4‐Petersen family graph
G?yQhk,8‐planar nonbipartite odd shortest path count graph 1
FJqkw,2‐Plummer‐Toft graph
GJEM\[,3‐Plummer‐Toft graph
F@qZw,5‐polyiamond graph 2
FOUrw,5‐polyiamond graph 3
GQG\Yw,6‐polyiamond graph 1
GOStI{,6‐polyiamond graph 2
GAG]l[,6‐polyiamond graph 3
GCdJH{,6‐polyiamond 4
G?hTrk,6‐polyiamond 5
G@FCZ{,6‐polyiamond 6
GCQrP{,6‐polyiamond 7
GCOli{,6‐polyiamond 8
GAISZ{,6‐polyiamond 9
GODLb{,6‐polyiamond 10
G?hUX{,6‐polyiamond 12
GCQb?{,3‐polyomino graph 1
Erow,3‐prism graph
GwC^~w,projective planar forbidden minor 7
G`o~vg,projective planar forbidden minor 9
GWC}}w,projective planar forbidden minor 27
GsXXz{,projective planar forbidden minor 31
GqIZz{,projective planar forbidden topological minor 7
GK`~vs,projective planar forbidden topological minor 9
GQo~vk,projective planar forbidden topological minor 10
G{drO{,8‐quartic graph 1
G{Uj_{,8‐quartic graph 4
GXvV?{,8‐quartic graph 5
Er~w,"(2,3)‐queen graph"
Grx}|{,"(2,4)‐queen graph"
FILzw,"(2,3)‐queen and singleton"
GtPH~{,Raĭskiĭ graph
E@JW,R graph
FAN\w,rising sun graph
F?CRW,R and singleton
G{S~?{,"(2,4)‐rook graph"
GMqtR{,first Royle graph
GQrp~s,second Royle graph
G?G\z{,8‐self‐complementary graph 1
G?NMX{,8‐self‐complementary graph 3
G_G\zw,8‐self‐complementary graph 4
G`r@xw,8‐self‐complementary graph 5
G`qihs,8‐self‐complementary graph 6
G@YTY{,8‐self‐complementary graph 7
G@hTY{,8‐self‐complementary graph 8
G`Xksk,8‐self‐complementary graph 10
FYaZw,"(7,5)‐self‐dual graph"
FFqjW,"(7,6)‐self‐dual graph"
GBbH~O,"(8,1)‐self dual graph"
GQqah{,"(8,2)‐self dual graph"
GQQuP{,"(8,4)‐self dual graph"
GdQaX{,"(8,5)‐self dual graph"
G_Yu`{,"(8,6)‐self dual graph"
GcorH{,"(8,7)‐self dual graph"
Gd`aX{,"(8,8)‐self dual graph"
G@p^Lo,"(8,9)‐self dual graph"
G@hVUk,"(8,10)‐self dual graph"
G`FcZs,"(8,12)‐self dual graph"
GqAgzs,"(8,13)‐self dual graph"
GLQCZ{,"(8,14)‐self dual graph"
GR`KzW,"(8,15)‐self dual graph"
@,singleton graph
G~z\z{,16‐cell graph
F?S~w,smallest fully 7‐forested graph 1
F@H^w,smallest fully 7‐forested graph 3
F_C~w,smallest fully 7‐forested graph 4
F@O~w,smallest fully 7‐forested graph 5
G@AI^{,smallest fully forested 8‐graph 1
G_CP^{,smallest fully forested 8‐graph 2
GE?H^{,smallest fully forested 8‐graph 4
G?OXn{,smallest fully forested 8‐graph 5
GGC_~{,smallest fully forested 8‐graph 6
G@H?~{,smallest fully forested 8‐graph 8
G@GQ^{,smallest fully forested 8‐graph 9
G?DP^{,smallest fully forested 8‐graph 11
GGE?~{,smallest fully forested 8‐graph 12
GqN~~{,smallest maximal toroidal non‐torus triangulation graph
FQMiw,Šoltés graph H1
FBqjw,Šoltés graph H2
G`hUX{,Šoltés graph H3
GB\@KK,Šoltés graph J2
FJQHw,Šoltés graph J3
FCO_w,"(3,2)‐spoke graph"
Cr,square graph
FANTW,square with three triangles
D?{,5‐star graph
E?Bw,6‐star graph
F??Fw,7‐star graph
G???F{,8‐star graph
G?h]X{,4‐sun graph
G?IIOk,4‐sunlet graph
DK[,"(3,2)‐tadpole graph"
E`Ow,"(3,3)‐tadpole graph"
FWD?w,"(3,4)‐tadpole graph"
GL?I?[,"(3,5)‐tadpole graph"
EI_w,"(4,2)‐tadpole graph"
FQO_w,"(4,3)‐tadpole graph"
GDP@?[,"(4,4)‐tadpole graph"
FII?w,"(5,2)‐tadpole graph"
GKO__[,"(5,3)‐tadpole graph"
GBOc?[,"(6,2)‐tadpole graph"
F?C_w,"(3,2)‐tadpole and two singletons"
E@Ow,"(3,2)‐tadpole + singleton"
FGE?w,"(3,2)‐tadpole and 2‐path"
FGC_w,"(3,3)‐tadpole and singleton"
F@H?w,"(4,2)‐tadpole and singleton"
G?nmrk,ten‐of‐diamonds decahedral graph
C~,tetrahedral graph
FGFTO,theta‐0 graph
ETXW,trans‐square with two triangles
FASpW,trans square with two triangles and singleton
ECDg,6‐tree 2
F?ABw,7‐tree 1
F?F@W,7‐tree 3
F?B@w,7‐tree 4
F?_Jg,7‐tree 5
F?`@w,7‐tree 6
FCD@W,7‐tree 7
FCCJG,7‐tree 9
GCCGJC,8‐tree 2
G?cQ@K,8‐tree 3
G?_GJc,8‐tree 4
GCOOPK,8‐tree 5
G?@KPc,8‐tree 6
G@EA?[,8‐tree 7
G?_I@k,8‐tree 8
G?A?Js,8‐tree 9
G?@CXo,8‐tree 10
G?AAHs,8‐tree 12
G?`?Xc,8‐tree 13
G?AB?{,8‐tree 14
G?`@?{,8‐tree 15
G?AA@{,8‐tree 16
G??CB{,8‐tree 17
G??EHw,8‐tree 19
G??MHg,8‐tree 20
G??E@{,8‐tree 21
G?z\z{,triakis tetrahedral graph
Bw,triangle graph
EElw,2‐triangular grid graph
F?XXw,2‐triangular grid and singleton
FGFcw,7‐triangular snake graph
G@qZ~{,8‐triangulated graph 2
GOUr~{,8‐triangulated graph 3
GCX}|{,8‐triangulated graph 4
G@hV~{,8‐triangulated graph 5
G@lv]{,8‐triangulated graph 6
GB^L^k,8‐triangulated graph 8
GDlr]{,8‐triangulated graph 9
GQMi~{,8‐triangulated graph 10
GQh\z{,8‐triangulated graph 11
GJ_~]{,8‐triangulated graph 12
GTlrY{,8‐triangulated graph 14
ER~w,tritetrahedral graph
FALzw,tritetrahedron and singleton
G?rH`c,two diamonds
G@?LaW,two paws
G?~~fc,8‐uniquely graceful graph 11
G`?N~w,8‐uniquely graceful graph 14
GGF~~{,8‐uniquely graceful graph 16
G_N~~{,8‐uniquely graceful graph 17
G@N~~{,8‐uniquely graceful graph 20
GIN~~{,8‐uniquely graceful graph 21
G`NEH{,8‐uniquely graceful graph 23
G`K~~w,8‐uniquely graceful graph 25
G`K~e[,8‐uniquely graceful graph 26
G`N~v{,8‐uniquely graceful graph 27
G`l~~{,8‐uniquely graceful graph 28
GK\~~{,8‐uniquely graceful graph 30
GJ^c~{,8‐uniquely graceful graph 31
GTlzz{,8‐uniquely graceful graph 32
GT\z~{,8‐uniquely graceful graph 33
GG`T?{,"(8,1)‐uniquely pancyclic graph"
G@O]TG,"(8,2)‐uniquely pancyclic graph"
GR~v~{,unique torus and Klein bottle triangulation graph
EMhw,"(6,9,1)‐unit distance forbidden subgraph"
FRG]W,"(7,10,1)‐unit distance forbidden subgraph"
FEhrW,"(7,11,1)‐unit distance forbidden subgraph"
GCCZVK,"(8,12,1)‐unit‐distance forbidden graph"
GIYT?{,"(8,12,2)‐unit‐distance forbidden graph"
GdHAX{,"(8,13,5)‐unit‐distance forbidden graph"
GEhPZK,"(8,13,2)‐unit‐distance forbidden graph"
GPCMJ{,"(8,13,4)‐unit‐distance forbidden graph"
GbHCX{,"(8,13,6)‐unit‐distance forbidden graph"
GiGSX{,"(8,13,1)‐unit‐distance forbidden graph"
GQO|eS,"(8,13,7)‐unit‐distance forbidden graph"
G`O|eS,"(8,13,8)‐unit‐distance forbidden graph"
GAg~Ec,"(8,13,9)‐unit‐distance forbidden graph"
G@hVUg,"(8,13,10)‐unit‐distance forbidden graph"
E]ow,utility graph
F@GXw,5‐wheel and two singletons
EILw,5‐wheel and singleton
F`GXw,5‐wheel and 2‐path
FIGZw,6‐wheel and singleton
Gqd`_[,Wagner graph
Dr{,5‐wheel graph
EqNw,6‐wheel graph
FqG^w,7‐wheel graph
GqGO^{,8‐wheel graph
GILrO{,8‐wheel complement graph
FR`Hw,"(3,5)‐white bishop graph"
FIL_w,3‐prism and singleton